{
    "name": "TOTEM",
    "lighting": "none",
    "vendorId": "0x3A3C",
    "productId": "0x0002",
    "matrix": {
        "rows": 8,
        "cols": 5
    },
    "layouts": {
        "keymap": [
            [
                { "y": 0.25, "x": 3 },
                "4,2",
                { "x": 9 },
                "0,2"
            ],
            [
                { "y": -0.5, "x": 4 },
                "4,3",
                { "x": 7 },
                "0,3"
            ],
            [
                { "y": -0.75, "x": 5 },
                "4,4",
                { "x": 5 },
                "0,4"
            ],
            [
                { "y": -0.75, "x": 3 },
                "5,2",
                { "x": 9 },
                "1,2"
            ],
            [
                { "y": -0.5, "x": 4 },
                "5,3",
                { "x": 7 },
                "1,3"
            ],
            [
                { "y": -0.75, "x": 5 },
                "5,4",
                { "x": 5 },
                "1,4"
            ],
            [
                { "y": -0.75, "x": 3 },
                "6,2",
                { "x": 9 },
                "2,2"
            ],
            [
                { "y": -0.5, "x": 4 },
                "6,3",
                { "x": 7 },
                "2,3"
            ],
            [
                { "y": -0.75, "x": 5 },
                "6,4",
                { "x": 5 },
                "2,4"
            ],
            [
                { "rx": 4, "ry": 8.6, "y": -4.6, "x": -0.3999999999999999 },
                "7,2"
            ],
            [
                { "rx": 13, "y": -4.6, "x": -0.5999999999999996 },
                "3,2"
            ],
            [
                { "r": 4, "rx": 14.5, "ry": 3.75, "y": -3, "x": -0.5 },
                "0,1"
            ],
            [
                { "x": -0.5 },
                "1,1"
            ],
            [
                { "x": -0.5 },
                "2,1"
            ],
            [
                { "r": 10, "rx": 15.25, "y": -2.35, "x": -0.25 },
                "0,0"
            ],
            [
                { "x": -0.25 },
                "1,0"
            ],
            [
                { "y": -0.3999999999999999, "x": 0.75 },
                "3,0"
            ],
            [
                { "y": -0.6000000000000001, "x": -0.25 },
                "2,0"
            ],
            [
                { "r": 15, "rx": 4, "ry": 8.6, "y": -4.6, "x": -0.3999999999999999 },
                "7,3"
            ],
            [
                { "r": 30, "y": -1, "x": -0.3999999999999999 },
                "7,4"
            ],
            [
                { "r": -30, "rx": 13, "y": -4.6, "x": -0.5999999999999996 },
                "3,4"
            ],
            [
                { "r": -15, "y": -1, "x": -0.5999999999999996 },
                "3,3"
            ],
            [
                { "r": -10, "rx": 2, "ry": 3.75, "y": -2.35, "x": -1 },
                "4,0"
            ],
            [
                { "x": -1 },
                "5,0"
            ],
            [
                { "y": -0.3999999999999999, "x": -2 },
                "7,0"
            ],
            [
                { "y": -0.6000000000000001, "x": -1 },
                "6,0"
            ],
            [
                { "r": -4, "rx": 2.75, "y": -3, "x": -0.75 },
                "4,1"
            ],
            [
                { "x": -0.75 },
                "5,1"
            ],
            [
                { "x": -0.75 },
                "6,1"
            ]
        ]
    }
}
